4736,mkisbee2y,2020-10-02
6710,wmcmahon3j,2020-12-31
6854,lbradbury45,2020-09-29
3139,rollin5o,2020-10-29
7375,srullerav,2020-12-18
4181,epengellycj,2020-06-29
6333,sflawsqj,2021-01-29
9993,tboothroyd71,2020-08-17
8773,cbanvilleaz,2020-07-06
5668,briddce,2020-10-04
4825,aocarranen,2021-02-13
7265,wbrazierho,2020-09-27
6045,gstandbrookkd,2020-07-19
3838,bmccullocknh,2021-01-13
8629,cyurkevichnu,2021-04-06
8197,fcolkett4y,2020-08-20
5092,cmarcome6x,2021-01-20
7820,rgobbett7a,2020-12-11
5092,erockliffe8g,2020-12-16
8341,jcromwellbr,2021-04-18
7820,vanthoniesbu,2021-03-27
1898,jchallicef2,2020-11-05
5469,dkittelg4,2020-11-23
8053,mmarslq,2021-03-09
6223,csappync,2021-03-11
6977,mmathieunt,2021-02-24
9040,kvondrapk,2021-03-25
1843,dstoneley16,2020-09-27
9739,hyashnov1l,2021-02-18
1000,gabell5r,2020-12-30
5181,vwilforda5,2020-12-21
8375,kdawneycv,2020-08-09
6867,jconrehe,2021-02-17
2686,bkisbeein,2021-01-26
2220,cspurrnk,2020-12-13
6956,bjarrel3v,2021-03-29
9074,arigdenad,2020-06-17
7943,ghansodc8,2021-01-04
5969,lcrommettcq,2020-09-26
1644,mestickee,2020-05-15
9917,adoxseyes,2020-11-26
2254,agethingiw,2021-01-22
1411,cblackwellro,2020-08-30
2432,dleaver1r,2020-09-20
7600,cvlasov3b,2020-09-04
4173,kkarlowicz6r,2020-12-26
5071,aitzkowicz8q,2020-09-06
2953,djoiceyc5,2020-07-30
8121,pibbersone6,2020-12-25
8121,tlampaertf5,2020-06-13
4084,gseadono4,2020-06-12
5105,gmartinar,2020-07-06
3364,pmicklem5h,2020-05-26
4584,gmcculloch8r,2020-07-11
2000,wtampin8w,2020-11-13
6558,dlartice8z,2021-03-04
6236,dmckevittje,2020-11-16
9430,mseedullp2,2020-09-12
9663,buziellipm,2020-10-23
4296,hokelleher34,2021-03-19
1568,mstraughan78,2021-03-12
7579,hrainybn,2020-11-18
2466,kbrownleef9,2021-01-27
9087,vlayefy,2020-06-24
5660,vsamperhw,2020-06-21
8566,fbutteri3,2021-04-09
6736,dperksim,2021-03-08
5372,npervoeji,2021-02-17
8244,msymekg,2020-08-05
1712,msnasell7,2020-08-14
4385,fharraplm,2020-08-15
6414,gpietrasiklu,2020-09-19
6736,fprestonn5,2021-04-22
4330,garnoultt,2021-02-28
2034,jlairdcraig2s,2020-09-22
7901,caspy98,2020-07-08
3720,spfiffermm,2020-08-12
6448,alanferenf,2020-06-24
2212,apendrigh2a,2020-07-15
5406,bjermyn2j,2020-07-09
3521,aduncan4o,2020-10-16
6393,nyakobowitzbi,2020-07-18
9210,chudsoncc,2020-08-23
8312,ibeertgp,2020-09-20
5728,zsalanjt,2020-08-28
4885,lduckitk0,2021-03-08
7380,jfoskinor,2021-02-19
7236,dhumpagep0,2020-10-23
6482,nbeehork,2021-01-28
2479,jbucknallw,2020-06-20
8113,gfautley4w,2020-07-15
1492,dmartinat69,2020-08-08
2246,ftebbsa8,2020-10-26
7270,lcohrsai,2020-11-20
9244,kfydoec4,2021-02-15
3987,mpeidrog6,2021-01-31
3322,ygreshamgl,2021-04-12
7880,fmenghimx,2020-09-21
1403,rharrymz,2020-07-28
6948,pcherrien0,2020-07-17
1204,jjamblin6c,2020-08-25
2191,jlarratt8p,2020-10-16
8956,bdooneye8,2020-09-01
3411,mbarnhillg0,2020-12-14
2513,aliasik,2020-06-05
5474,logleasanenr,2021-01-20
8291,mfaithornpa,2020-07-11
1005,gkitchingman2i,2020-12-16
4055,lashment67,2020-08-31
9134,coehm7d,2020-05-07
1238,nedmansbl,2021-01-27
5330,bdiprosegg,2020-08-03
2081,pszymanekgw,2021-01-27
3445,tmehargh1,2020-06-07
9977,hbeachemh2,2020-06-13
3123,mbinghx,2021-03-30
6317,tnealeyne,2021-04-17
7160,lguysoq,2020-10-07
2026,pprettjohn4c,2020-09-16
1416,dromney6o,2021-03-24
1793,vgoldinga6,2021-03-12
6351,paxelbeyan,2021-04-22
5508,hcorsorcd,2020-09-24
9922,wlangdridgef7,2020-06-11
7338,plaugiergn,2021-03-29
6584,lhaackle,2020-06-25
9689,sponteqh,2020-09-22
5131,tkermathrr,2021-03-29
1594,bkubelka7,2021-02-26
5686,cfieldenx,2020-05-17
5021,rsallan49,2021-04-10
2115,ldoblin6v,2021-04-10
9812,rhasslocher7t,2020-11-30
2725,llaxtonnedv,2020-08-28
1827,cklausm8,2020-11-18
9490,josburnq6,2020-11-01
7749,jcarderrn,2020-07-03
9524,mfahrenbach68,2021-03-20
3136,cplunkett9z,2020-12-02
9524,rshureya2,2020-12-14
1306,tbynethaq,2020-08-19
1395,kandrosikbo,2020-11-12
8071,dtoquetdy,2020-11-02
4212,gaddeycottdz,2021-05-02
4356,averrillogq,2020-08-21
4822,cruddinhf,2020-12-12
8537,vheadskq,2021-03-08
6851,nspadottop7,2020-11-01
4212,dwolteringr9,2020-06-20
6885,dcuree4s,2021-03-24
2094,aboadby86,2020-12-01
4445,gcandeyqe,2020-11-28
3780,fjellyqv,2021-01-28
1285,jjennaroy3n,2021-03-15
5610,dhinsch9a,2021-04-13
9414,vwalsheo,2021-02-01
6542,smegarrellhj,2020-07-13
7440,hveltmanm9,2020-10-26
9037,memmisono3,2021-01-28
3759,mhanabyc,2020-07-02
4746,vvann1y,2020-06-21
1607,spaute3x,2020-05-29
8084,syvens4e,2020-12-25
7474,snann4n,2020-12-05
4890,dweatherell5j,2020-06-22
4191,dnolleth5l,2020-09-07
7097,kferrarello8e,2021-02-02
8461,ajammeta4,2020-08-31
9071,lgemlbettap,2021-04-24
8927,emeadeas,2020-12-03
9914,egreystokecw,2021-02-19
5733,tfearonhr,2020-06-01
1031,dslidders32,2021-03-08
9105,kpadmore4x,2020-05-16
1031,mevanson87,2020-06-08
1641,cbrumwelldr,2021-03-01
2484,bmcilwricke0,2020-09-11
8639,pkennifickfs,2021-01-16
7275,cwhertonjd,2020-11-05
8584,dschanke2l,2021-01-03
3793,gjaynes4z,2020-05-31
6754,lstowte5a,2020-07-09
9715,bwicklen6b,2021-03-18
2573,apenylton6i,2021-04-16
4115,ggonnet6w,2020-07-05
2895,kbartaliniao,2021-02-15
5246,scarseyhy,2020-08-09
6754,ggatecliffiz,2021-04-28
5013,lgobeauxj2,2020-11-21
1065,vperottij7,2020-09-08
1586,scrinsonju,2021-01-29
6843,ddargiek1,2020-11-06
5102,tdavidwitzkp,2020-08-14
6644,bsilk3c,2021-03-11
8762,njenik8b,2020-05-29
1620,rfolland9i,2020-07-09
2141,dwilsteadg5,2021-04-30
7631,ltowgi,2020-06-27
1997,mparamanjs,2021-01-02
4348,mcarrollkl,2020-05-28
2751,spetricm5,2021-03-23
4293,kstaddingnm,2020-12-09
9550,eaverill46,2020-12-01
3539,eharrill4q,2021-03-23
3539,nfawcett66,2020-08-25
3539,lphelip95,2020-10-13
3916,ujoninbe,2020-06-01
3539,cwilbycm,2020-05-11
5602,avarseyea,2021-01-07
9639,mweatherburnf8,2020-09-14
1277,ctebbitof,2021-01-01
6445,jplumleyq2,2021-01-08
1565,sbaughamqu,2020-07-10
5136,jruddimanr1,2021-01-25
3340,dhemshall1,2020-08-16
4937,eambroisine,2021-02-27
6623,tvasyutichev2f,2021-02-27
7987,sshoulder2v,2020-09-02
6068,bgoter3l,2020-06-15
4471,lmagee40,2020-06-16
8974,jkeat4t,2021-03-14
8597,lconnett9x,2020-11-14
4327,dmessamae,2021-04-11
9872,bmalkinsondb,2020-09-02
1133,ajarrittdq,2021-03-13
7521,cgossanh5,2020-07-11
1743,pkubuj0,2021-02-11
3107,dstoriej8,2020-08-15
9262,lmoultriems,2021-04-03
6301,lmacconneelyoc,2020-08-11
2209,cjohnon,2020-12-18
9673,jmussingtony,2021-01-31
8309,lantham1k,2021-03-09
5869,bclay44,2020-05-25
9385,psansum5c,2020-11-25
5581,oyesenin81,2020-08-21
9762,dgracey8m,2020-10-10
5581,jcastillaa7,2020-06-20
7699,lghiroldifb,2020-10-15
9906,smaycockfe,2020-07-02
2065,iswanstonfo,2020-07-31
7411,bconditi6,2020-11-30
9762,lhosierkb,2020-06-12
8830,jmarzelemn,2020-11-03
7322,wmithamod,2020-11-02
9940,wrainger23,2020-09-05
4827,dmcclinton27,2020-09-02
6746,vchinnery3o,2021-03-11
1256,ccramea1,2021-04-19
6280,dmckeighendm,2020-06-11
6979,hrexds,2020-12-25
7123,bdymondej,2021-02-17
9618,kollifff1,2020-07-21
8665,fhudel4b,2020-12-16
9885,rmoores5q,2020-08-08
9508,nfriatt62,2020-05-12
6314,kfassmann7n,2021-03-14
2044,mswindlehurstd3,2021-01-05
7445,gsomersfp,2021-03-10
4717,dbarhemshm,2021-03-08
2277,shullyerht,2020-06-17
6924,kdjurevichv,2021-04-22
7301,chudlessjn,2020-06-30
6924,dmathelonl6,2020-05-20
7445,ebaynomq1,2020-06-01
9309,esilcock0,2020-05-27
7335,rscholardg,2020-06-01
7856,sboyall3a,2021-03-03
1091,csamsworth5w,2021-02-04
1701,ocarlone85,2020-09-25
7623,tisard8c,2020-10-09
4751,mtuiller8j,2020-06-10
2832,jcothey94,2020-11-29
3531,kfrancescuccioau,2020-11-01
3531,zmeneocz,2020-11-08
6026,hmcallene3,2020-07-27
2311,otellenbachhq,2021-02-09
9974,lboxhillkz,2020-07-27
1235,harmalox,2020-10-22
4196,creiglarp6,2020-12-28
4696,ccasina7c,2021-01-29
8644,ddeere9g,2020-07-27
6526,lbridalbw,2021-01-29
1125,amacgarrityek,2020-08-14
6204,smccrumgu,2021-01-24
6437,mbartellm6,2021-01-16
2256,jdautrymq,2020-10-29
3709,hmangamni,2020-09-12
8966,cgambrell9,2021-02-08
3565,ahowkins5u,2021-02-27
7835,shaffenden64,2020-11-07
6704,noccleshaw91,2021-01-08
5539,askeathbj,2020-09-10
3798,dcullygz,2020-06-04
7691,mbrettlemd,2020-09-14
5539,khestropp1,2020-11-07
1858,jclawley33,2021-02-12
1481,bsheasby3s,2020-11-26
2989,ylumbly5m,2020-08-24
9898,kleebeter6p,2020-12-15
6039,bpiggenscp,2020-08-18
9610,gspinkgv,2020-09-19
8246,bortigerlh,2020-10-06
9987,mfirbankph,2020-08-28
9932,psherr7x,2020-05-20
5984,iclaveyhg,2020-11-12
3777,relijahi1,2020-09-11
5751,bhaggathls,2020-05-06
9178,dbesantmf,2020-07-26
7814,bkennhamml,2020-09-08
5552,khyndes1e,2020-12-19
3578,hstenett6h,2021-02-08
9733,swharlton6k,2021-03-31
9267,bevittsaj,2020-07-21
8746,mmcgouganbg,2020-07-02
2214,lspellingfh,2021-02-13
2358,tghironki,2020-05-03
6916,yosgardbyl3,2020-06-02
3201,dbrisleylk,2021-04-04
5696,nknoxmg,2020-11-02
3722,telmsng,2020-07-27
1748,dblenkinnv,2020-06-03
9733,hdearnessov,2021-01-04
3955,hliddelow,2021-04-28
1981,olynockp8,2020-10-10
7560,rboddington12,2020-11-17
5353,jmacvey1s,2020-07-31
5819,atrunby2g,2020-12-22
1083,tpicford7q,2021-02-18
2392,dellam90,2020-07-21
2392,tzimmermeister9u,2021-03-07
1083,mmatteacciah,2021-04-25
5963,eblincoeev,2021-04-25
7848,bwadesworthgs,2020-06-07
4366,dmegarrellio,2021-04-05
9157,epietzm3,2020-08-29
5963,jvinern9,2020-12-10
2947,rsynke17,2021-02-03
4400,jmcwhinnie42,2020-06-23
5065,abrittoner56,2020-05-27
8115,rclausius5g,2021-02-26
9246,cjirasek6f,2021-01-22
2104,ugyorgyd0,2020-09-28
6285,krubieew,2020-10-10
3557,dpetytiv,2020-11-22
9712,mrobertetno,2021-01-28
4167,bwarboyspe,2020-05-30
4688,cplowesqc,2020-10-16
3269,nkibbeyb,2020-10-01
6607,sconman25,2020-08-04
5099,jsongist6g,2020-06-27
9424,jcolegrove8x,2021-03-14
4633,tbasonbp,2021-03-10
5099,bragleslv,2020-10-05
8060,mpenfoldn4,2021-03-12
3269,mgrimshawol,2020-09-26
1240,cskipping1p,2020-10-13
4756,bferraretto1u,2020-08-26
4811,btripp1x,2021-02-09
8327,cklimushev9r,2020-07-11
7861,kcorrigana0,2020-11-08
1850,sbiltonb4,2020-09-09
6497,lkitchingc7,2020-12-16
9081,sbeininckdc,2020-10-28
7628,cedwickerdx,2020-05-09
8327,gpattyo7,2020-10-03
1240,cthulbornoh,2020-12-17
5743,gbeeverspo,2020-07-14
8272,splastow8y,2020-05-14
9115,aburgendi,2020-11-25
8183,scockaymeey,2020-07-03
8560,esomertonfk,2021-04-17
6586,cdentithis,2020-09-01
3625,bvanniekerkjk,2021-01-04
2638,kaprilrh,2021-01-24
8971,lwallwood4h,2020-06-28
9060,ehowchin61,2020-12-01
5633,fdigiacomo6e,2021-04-18
4036,bhackeltonbq,2020-10-06
3193,rwinterbottomca,2021-02-28
8073,pbernardottedt,2020-12-24
8450,ahambyfq,2021-01-04
2206,nbuckieko,2020-11-14
3049,mfarncombln,2020-09-23
1219,ntidmarshpu,2020-07-17
5201,dmacmeanmam,2021-04-27
6188,jmennellcr,2020-05-08
9615,mpachtad4,2021-01-30
2473,mmarchiem,2020-05-08
8306,sgiacomucciic,2021-03-04
9992,rficej6,2020-12-01
7175,jlathejo,2021-03-23
6709,kmouano1,2020-11-07
9005,lmerrallpl,2020-12-29
7497,crattrien,2020-06-09
1342,ckenwyn35,2020-08-01
1431,mknapton8a,2021-02-14
4625,lpragnellcb,2020-12-02
1054,kcatterallll,2021-04-08
5523,eedgsonrb,2020-05-23
9094,xbielfeldtrp,2020-07-01
7764,kporterf,2021-03-14
8285,vcharlson19,2021-01-14
6633,mmilillo7f,2020-09-29
7298,ldecent7v,2021-01-15
9128,crawcliffe9c,2020-07-18
6921,mfloydet,2021-01-18
6688,rblakedenhd,2021-01-07
6167,khosbyiq,2020-08-25
6777,vemmanuelel8,2020-07-30
8230,ndevaarmi,2020-09-13
3816,qserminmr,2020-05-14
1897,dcoxonoi,2021-04-21
3960,mtolanpq,2020-08-15
4337,ahenkeqm,2020-12-18
6633,hbolliniri,2021-04-14
1787,emapisv,2020-07-07
1787,dsturte20,2021-01-31
5735,hcollis2k,2020-08-04
6955,lendle2w,2020-10-31
4981,orake59,2020-07-30
1033,ddunsmuir5p,2020-12-30
2918,zchittendenb0,2021-02-23
4981,griehmbf,2021-04-17
1410,jcopsbv,2020-12-06
7942,garmellc9,2020-10-01
7332,ehazeltonfr,2020-11-30
6578,nortongx,2020-07-10
5591,bmayesjv,2020-05-03
1033,fpiscottikw,2020-09-28
1410,ldubarryl4,2020-11-19
7887,cmcgorman2u,2020-06-25
4405,sbampkin3e,2021-03-07
8120,sgurnett7i,2020-07-07
1821,sgiorgeschi7m,2021-03-23
8497,bneevesar,2020-05-25
5070,rfosseyb8,2020-11-26
5447,zaskhamec,2021-02-15
6290,wcheersfu,2020-09-04
8586,dgarawayp9,2020-08-11
2664,sdrinnan29,2020-06-09
9662,thinnerkdj,2020-05-31
8764,mmortimerg9,2021-02-08
1444,dhansego,2021-04-07
2287,kmatteiiy,2021-03-21
9285,cmatulal0,2021-03-17
8065,lkenfordlz,2020-07-02
5104,cdalliwatrq7,2021-01-18
5748,olanceley13,2021-04-08
4672,mfairlamb5s,2020-05-14
9374,jgoodere60,2021-03-08
1334,gdambrosio88,2020-09-16
9086,cocorrbd,2020-10-12
2554,jtraytong7,2021-03-28
4528,lwabbj9,2020-06-20
7777,snuccitellikn,2020-10-30
5282,bemelinenq,2020-09-04
2232,mechlino2,2020-05-11
9840,hlemaroe,2021-02-17
1800,mverdie4j,2021-01-13
5371,lmapletoftcs,2021-04-18
1800,rradsdaleei,2020-11-05
4007,fnodener,2020-09-15
8654,zansteysi8,2020-06-29
5926,astampemp,2020-07-24
5981,eperllmannl,2020-05-23
3109,hdoot,2021-03-25
1135,bmatejovskyqd,2020-11-18
5638,lwenderott1z,2020-07-12
3431,arotherforth5d,2020-08-19
5117,gkinderc1,2020-09-09
8976,cpablosdd,2020-08-11
6481,mcoonihanfm,2020-06-17
5782,randrichukjg,2021-01-12
2067,sbassingdenn8,2020-07-20
6015,dsherrumqr,2020-05-05
8023,bgarry3u,2020-09-26
6426,wgayforth8o,2021-01-14
5816,wwiddowsonha,2020-08-08
3753,itieom,2021-01-04
9908,galfordp5,2021-02-19
1169,pcharterspd,2021-01-05
2800,mordelt11,2021-02-16
3266,mgoly6d,2021-04-13
2423,ebalf8l,2020-05-31
1813,pcristofolinied,2020-10-26
7968,bjaffreyfl,2021-01-24
4774,htabnerka,2020-06-01
5795,pshera1d,2020-07-14
3444,mdeplacidoax,2020-12-11
9743,njankiewicze1,2020-11-04
8002,lsabatesez,2021-02-28
4198,rgoverjh,2020-11-30
4431,jraesidejy,2020-05-26
6782,charrowingm2,2020-09-01
6206,lsnufflebottom6z,2020-09-01
5363,lschukert79,2020-07-28
4232,gheseyjf,2021-01-16
6583,gmcdonandl1,2020-07-03
3622,gfindenpx,2020-06-12
5164,hreiners1b,2021-03-30
9489,rlow3q,2021-04-12
9955,slegan5e,2021-04-22
9578,thubbold7j,2021-01-09
8036,gdinning7z,2020-09-08
5541,mwhybornede,2021-02-12
4698,dtelfordgj,2020-11-17
4321,rcorph9,2021-04-20
8968,vwauchopejm,2020-10-06
2813,sphippardkj,2021-01-06
1593,etwidlemj,2021-03-05
7138,maxeo5,2020-07-03
2491,ccadanyoa,2020-11-08
3745,laylwin30,2021-04-14
8214,mberndtsson5i,2021-03-30
3046,gboyeraw,2021-04-15
3512,jdundonj1,2020-08-09
6473,bfittl2,2020-07-12
6617,dlestrangepp,2020-06-09
4732,dheinzelpr,2020-09-15
2237,llamps9k,2020-06-13
1106,apetelaf,2020-07-22
7871,bvidleray,2020-06-25
4156,eivchenkob6,2021-02-02
5897,sbudgeonc6,2020-07-04
6651,bhatchercg,2020-08-24
8625,arubinovdf,2020-10-01
9612,mfearnalli0,2021-04-21
6795,jbenkinit,2020-08-05
7117,sgrayshonjc,2020-06-24
6185,bdomencmh,2021-03-29
1483,hlappingoo,2020-09-12
8104,etettleyp4,2020-11-14
3868,pguswell2d,2020-08-02
1517,dvanne2r,2020-11-11
2182,katheis9n,2020-05-03
6596,gmullerbz,2021-02-27
6308,whigounetgm,2020-05-03
4389,atomovicip,2021-04-10
5033,ccockrem82,2021-01-29
5643,nzavattiero9b,2020-10-01
6486,mcullumga,2021-03-16
3957,rwhistanh8,2021-04-12
8748,dpartlettjz,2020-12-18
3292,smandreyl5,2021-01-14
2593,dcollumbineld,2020-08-06
2360,mtubblesnj,2021-01-31
4279,fhounshamou,2020-10-14
7651,npechard1t,2020-06-07
5732,bhundala3,2020-09-04
2394,hloadesal,2020-11-25
7939,cdullinghambh,2021-01-24
7706,mtrelevaneq,2020-10-07
6054,ccustyfv,2020-06-11
9858,jvernelg,2020-08-11
2106,lmattissonlp,2020-06-06
4834,kdavydochmw,2020-12-15
2161,efaustinq4,2020-05-21
3881,hdhoogeo,2021-01-04
7884,mdunkinson24,2021-03-07
9337,dtuckey4i,2020-06-04
3792,lvany9y,2021-01-18
3936,cmanthae2,2020-11-29
4546,eskermfn,2020-05-25
7884,lcardinaleg8,2020-10-17
7973,mclinkardj5,2021-04-16
3559,mmartinellimc,2021-01-25
6609,ecockranpb,2020-11-02
5156,cpankhurstr2,2020-12-09
4203,mcardenosa10,2021-01-20
9138,coxenford2o,2020-07-10
9604,rfitzgilbert2t,2020-11-25
8994,ghumbey6n,2021-04-03
9371,crunciman96,2020-09-17
6088,nmartschke9p,2020-07-24
8994,cfurmagierak,2021-01-11
8151,fventhamb1,2020-08-05
7397,vwymanie,2020-10-02
8905,ilevesquekk,2021-02-09
4347,clovattqi,2020-05-14
9549,mfilipiak1v,2021-02-13
6965,takrigg3w,2020-08-02
8096,bhaliburn50,2021-02-28
8185,aeglaiseaa,2021-01-05
8473,dpoorgy,2021-01-21
3682,hsadlieri7,2020-12-23
3394,dchidleyij,2020-07-06
9782,wumplebyk9,2021-03-31
9782,aswarbrickob,2020-11-03
8850,cstapfordrf,2020-10-19
3195,dferencziu,2020-11-21
9494,dbratten7r,2020-07-21
2729,premnant8v,2021-03-30
5923,gsambidgeat,2020-10-06
3339,kstappardd9,2021-04-28
1886,emurkittg1,2021-05-02
2873,cewestacelx,2020-12-14
8973,demerinem4,2020-12-27
5868,jeliaz1m,2020-09-24
1454,hlondors2x,2021-04-01
5580,dmacklamct,2021-01-13
6944,jdevriesfw,2020-11-15
6855,smorfettif,2021-03-24
7698,gprobartlt,2020-10-11
6944,gmcqueenmo,2020-09-24
9295,ktoffanoqa,2020-12-08
9439,toharer8,2021-04-19
7732,dgarrond,2020-05-08
9850,drains22,2021-04-15
1865,dscarratt3d,2021-04-03
9939,icanner3k,2020-05-29
9384,elammas4p,2021-01-05
7033,htowse83,2021-01-02
5902,wjoss8s,2021-02-02
6135,lcornelleaubb,2020-08-21
2009,gcavnorck,2021-01-23
6889,acarmontdo,2020-10-28
1488,jhawksleee5,2021-01-07
1721,msycamoreku,2020-07-05
2852,enesbitq0,2020-07-10
3695,bsecretqy,2020-10-12
7177,mstennardrj,2020-09-11
8664,hrevely39,2020-06-07
9562,ayakovitchff,2020-12-12
5936,kmedlicottii,2020-12-19
7444,ssheddenjp,2020-06-17
1145,kkeuntjepj,2021-04-11
8952,lzoephelq3,2021-02-07
3784,kalfonsettor6,2020-11-09
1090,lziemke4m,2020-11-29
2687,jgribbon51,2020-07-18
3064,rcamelin5n,2020-08-24
3818,darr89,2021-03-26
6546,aomarkeyf0,2020-05-16
6025,cdelahayef4,2020-07-12
7478,seaglengc,2020-07-20
6491,mitzhayekhz,2020-07-24
8376,jhirthek3,2020-08-16
8609,rhassettme,2020-05-22
6402,smarlnn,2020-07-08
2365,bkippaxpn,2021-03-22
2077,bdavisql,2020-11-05
2399,mthacker1a,2020-11-19
2022,ltarry43,2021-02-13
8410,clongstreeth5b,2021-01-22
2022,bwakefieldbk,2020-08-28
2543,lwheelikerbm,2020-08-21
4983,vdattee9,2021-01-25
6203,facklandshp,2020-11-04
2255,efealtylc,2020-06-29
2022,jforgiemv,2020-06-04
4373,lwhalespw,2020-08-24
6902,dcranstoun26,2020-09-15
2954,kinglish2m,2020-10-07
4873,dwolfers5x,2020-07-30
6614,dchelsom9o,2021-04-20
5017,mmatthiasby,2020-10-30
7834,jdilworthcn,2021-04-14
5627,trenishep,2021-02-16
9198,earendsenh0,2020-06-24
3797,ahamlyk5,2020-07-13
8821,afruchteroz,2021-04-03
9109,mgonzalopz,2020-07-28
7601,agiddenr3,2021-03-19
5483,jbonhomme15,2020-11-12
8766,dalbutt4d,2021-03-19
3886,chitzmann76,2020-10-03
1302,cfransson97,2020-10-14
1302,bmalloch99,2021-02-16
4119,braigattb7,2021-01-01
9664,jolooneycl,2020-12-16
2467,mconfaitrd,2021-03-23
8800,vpadginton6y,2020-12-07
9787,dbraznell8f,2020-11-18
4297,toldcroftc0,2020-07-06
2412,nsleitecx,2021-04-25
3687,amapplethorpehc,2020-10-16
3920,mrawlcliffeia,2021-04-01
1336,ghanbyks,2021-03-21
1336,cbarffordlw,2020-07-18
2700,blongns,2021-02-28
3077,ydeandisienz,2020-10-22
4907,hlaversqs,2020-09-11
7724,rdivinar4,2021-03-11
4708,jhauxley1w,2020-06-22
8656,mmcmullen4u,2020-12-27
6771,jtheuss53,2021-01-08
7148,mogdahl63,2020-08-23
3954,hthorp6q,2020-12-06
9965,lperfect6u,2020-08-09
4564,bsinisburyd5,2021-01-14
9122,mmurricanese7,2021-02-09
2734,ddunrigef3,2020-05-25
3954,jheggieih,2021-01-26
5407,jsimonyn1,2021-03-14
2878,jtonkinsonqq,2021-01-15
4043,gbecken3p,2021-03-13
6017,locorrane5f,2020-09-05
7237,bpithcock7g,2020-05-31
4509,kgibbins7l,2021-01-04
9156,imerielab,2020-07-15
9444,mkendallag,2021-04-28
4975,gviccarycy,2021-04-23
3433,esweedyeg,2020-10-23
5119,lmellonbyfz,2021-01-14
7470,cwolffersgr,2020-05-24
2069,bmerredyjw,2020-06-07
9677,kablottl9,2020-07-21
8457,ymallanoj,2021-01-07
6051,ghourihanea,2020-10-26
3700,mjeeh,2020-12-02
1959,akennedy41,2020-12-14
1726,fleclercq47,2021-04-11
8779,gcremer5z,2020-09-06
6805,hcaiger7s,2020-07-21
6517,grawle80,2020-05-24
4077,nmonday9v,2021-04-02
7792,czukerbx,2021-03-17
3090,rblasdaledu,2020-06-16
4598,rcockburngd,2020-11-21
8114,cattfieldig,2021-02-08
3323,tpeetjr,2021-02-26
4077,jmackilllb,2020-10-28
4831,pdossetterop,2020-08-08
5818,spercyqb,2020-09-07
7504,cferrirl,2020-10-18
2891,kkollach1f,2020-10-02
9512,gbold37,2020-12-01
1438,asouttar4a,2020-06-10
5852,hsell4v,2020-11-14
8902,tmordendh,2020-12-12
6695,ddillingstonel,2020-12-24
8525,scashamgb,2020-12-05
4399,rulyatgf,2021-03-18
2514,areapejj,2020-05-27
9889,rspinolak2,2021-01-14
3179,smiramsm7,2020-12-29
5886,ggavinq,2020-07-26
7161,opriddlebs,2020-10-08
7627,cpeerthi,2021-01-10
3967,rthurbyja,2020-10-29
7250,epursekt,2021-02-18
7394,jloreitli,2021-03-26
2226,ddenisq5,2021-01-08
2315,kraincinqz,2020-09-01
3624,lbuttel6,2020-08-08
7284,lscrafton1h,2021-03-06
8326,ascrowby2p,2020-06-27
4001,ugalier58,2020-05-28
4001,mweblingch,2020-10-13
8559,emcnaeh7,2021-01-28
8737,zdugget4r,2021-01-23
8737,ktwell5v,2020-12-27
6009,ckivits8d,2020-08-05
6297,hdaughtryex,2020-07-24
1451,gvenesslo,2021-01-26
2959,dolenanept,2020-09-26
9347,fdamerellrc,2020-10-04
4124,rrowneyk,2020-05-19
7174,apetri74,2021-04-24
5111,asickamored7,2020-10-18
6941,etrunbydg,2020-07-10
3603,cstowefg,2020-07-28
8538,vemblenny,2021-01-03
7928,cnorriso0,2021-04-05
2849,mtombsog,2020-12-21
5001,flidyard1c,2020-07-20
1053,elongrigg2h,2020-05-09
4768,jwoodison2n,2020-10-28
3171,ipottie3y,2020-07-29
1341,nboggers6s,2020-05-19
5145,bwinckles70,2020-05-23
1807,ekattenhorn7b,2020-06-02
2184,jholtum9h,2020-05-31
6653,vjekylld2,2020-12-28
5899,esendalli2,2020-06-02
4158,ascorrerpv,2020-09-02
4302,ckirsoppqf,2020-07-23
8339,sdunkqg,2021-01-26
4768,jmulrenanrq,2021-02-21
1896,cplumer14,2021-04-03
9360,hfullerddl,2020-05-31
3205,rhemblingef,2020-07-23
6310,tcoveneygk,2020-12-09
9038,kmakepeacekx,2020-10-26
3493,bwhartonmy,2021-04-30
8140,rhugoninpg,2020-08-11
3205,msabertonpy,2021-02-11
4891,kdoey21,2020-05-22
3904,irolingson52,2021-01-12
5357,avousden57,2020-08-19
9305,emaase75,2021-02-18
3760,hrendallfd,2021-01-10
8229,mharsumg2,2020-11-28
8839,ibeazehb,2021-03-25
3904,twantlingjb,2021-01-20
1786,dschubertn7,2021-02-01
6344,tshreenanos,2020-05-15
6721,tstephensonpc,2020-09-08
8462,bvsanellipf,2020-08-21
4171,mtotaroj,2020-06-09
3328,rslimme18,2020-08-29
5213,bmaro3i,2020-06-23
1498,bwaith6l,2020-05-06
3849,hlandsbury7p,2020-05-08
5069,slabrowhs,2020-05-12
5213,eabramowitzkr,2020-09-09
9339,bcrohanlf,2020-05-11
8407,dgrigolono6,2020-07-26
5158,dhappertok,2020-06-09
7687,mbambrough3g,2021-01-21
5857,doles9f,2021-02-07
4116,tstlouisg3,2021-02-27
8585,vgommeryhk,2020-05-26
8674,jcornilloti9,2021-03-26
3307,klippatt1i,2020-09-07
7111,wluckie5t,2020-11-28
4527,strill7k,2021-01-18
8530,dmiddell8k,2021-03-26
6268,qgonsalvodw,2021-02-10
8098,syokelmanfi,2020-07-25
9695,agrafhomgh,2020-05-03
8386,amuldrewh4,2020-09-13
7776,jvennerma,2021-02-19
2697,svandermerwen3,2020-05-21
4205,zrubertind,2021-04-03
5891,sbrachellnx,2020-12-18
5802,lbirchillp3,2020-12-14
8386,eschenkelq8,2020-05-20
4095,plabones,2020-05-11
1189,bgraeme2q,2021-02-16
5082,clethardy31,2021-03-29
9551,rashfold84,2020-09-13
5692,rgaythwaite8u,2020-12-28
4150,nskogginsac,2020-12-31
6590,hveaseyft,2020-12-15
9928,bdarcyh6,2020-06-20
5747,mgritlandjl,2021-01-30
8420,mtanslyk4,2020-05-03
9551,jthayren6,2020-08-14
8708,mbusselnw,2021-05-01
7899,cvainz,2020-11-04
1079,jplail4l,2021-04-28
7844,wlicciardi7w,2020-07-10
2587,pimpey93,2021-02-18
7467,lbarnewilleci,2020-06-22
2121,kborrowmand6,2020-07-01
8454,vconnorhh,2020-12-17
7844,ygorrisseni5,2020-12-20
3464,stiddy1n,2021-03-22
1312,nlinzey54,2021-04-01
9297,dryson6m,2020-11-05
4218,cmorena8n,2020-05-08
4129,hnelane8t,2020-09-22
9386,mdriuzzifc,2021-02-26
5438,ogilleygt,2021-04-23
8310,aburrowhu,2020-11-17
9064,chumpatchiu,2020-10-05
4506,chenrichsenkv,2020-08-04
2532,cvaggsmb,2020-06-15
1778,kbroadeyoy,2020-10-09
6480,pcadneyqt,2021-04-17
5150,mramshay5,2020-05-10
6658,mcleghorni4,2020-07-04
6226,gedlynil,2020-09-24
1113,kjanakkc,2020-10-04
6603,rbolensky,2020-10-30
6980,ppresslandrg,2021-01-06
4807,cbysaker4,2020-08-04
4252,ebernat1q,2021-03-05
5849,snortham9l,2020-11-12
2367,dlempennyda,2020-12-07
6548,dlanglaisge,2021-05-02
6171,dcerithib,2021-03-26
2977,swoodkm,2021-04-05
6315,acrownshawnp,2020-09-03
7535,mtadlowr0,2020-12-29
1791,bmacvagh3h,2020-05-14
3532,ydron5k,2021-04-11
2456,vgraeser92,2020-06-30
1325,mtrewhelab9,2020-06-20
6493,uclaraee4,2020-06-17
3676,rmertonkf,2020-12-12
3943,bjodrelle48,2021-02-15
7802,bcroson55,2021-04-02
6294,vapple7h,2020-08-28
2867,lrubertelli7o,2021-01-16
4231,wcollyear8h,2021-02-01
3710,anewsonba,2021-01-28
5307,cbottbyfa,2020-09-22
2024,ffonquerniekh,2021-01-08
3566,eshirtcliffemu,2020-11-10
3854,vwaumsleyna,2021-04-04
9255,hoselando8,2020-05-16
2024,tdelazennera,2020-10-07
3422,psills3,2021-01-24
3511,dsloanl,2020-11-04
5252,lboylund1g,2021-03-18
6993,cpaxforde36,2020-10-09
8967,glehoux38,2020-09-06
4121,dcleverly5y,2020-09-19
7980,alorain65,2020-08-22
2435,qclemerson9e,2020-10-11
9289,kgandyam,2021-02-13
8912,vkillingwortheh,2021-01-27
4498,npollyf6,2021-04-13
8967,ajakohl,2021-01-04
2435,wletchfordjq,2021-04-24
4409,vsellenk7,2021-04-06
6993,ddunckleyk8,2020-06-26
6938,kkarlmannly,2020-12-20
7836,lwallbridgen2,2020-05-09
7226,bcurmo9,2020-10-06
4409,tarmalq9,2021-03-10
6095,mhagardqo,2020-06-21
5485,elawdayr7,2021-03-03
4786,everzeyrm,2021-01-08
8014,ijosowitz1j,2020-12-01
4964,djanauschek1o,2020-07-13
6794,bpech28,2020-05-09
9001,rsnodden7y,2021-02-09
2990,oerrichiello9j,2021-02-01
4909,fhallexco,2020-09-07
2613,ctertrelj,2020-10-27
7548,etrevanceqw,2020-07-30
1249,amoggler5,2020-07-17
8048,achewter4f,2020-08-31
6739,amoodycliffe6j,2020-07-06
2181,surrey7e,2021-01-31
1050,mskyppc3,2020-07-19
1893,mbachmancf,2020-05-04
8192,skabischd1,2020-12-18
4244,sclemptonir,2021-01-29
6218,cirnisnb,2021-03-27
7582,gtraherqk,2020-06-27
2215,gglendzer2e,2021-03-17
9357,rsagg6t,2020-11-12
5875,bquakley9d,2021-01-26
7993,jchillistonec2,2021-03-28
2592,abrownjohnj3,2020-11-14
3956,gpenwrightke,2020-07-15
1139,kthewsla,2020-11-18
7040,dlunney2c,2020-10-03
3846,pleglise77,2021-02-15
4977,jmccrow9s,2020-06-03
6197,shardwayb2,2020-06-12
8637,afosserdb3,2020-05-29
5498,dsurphlissbc,2020-09-20
2160,mdeclercdn,2020-11-11
3757,bcoxalldp,2021-03-14
2770,dwhifenfj,2021-01-16
9535,amacfadyenfx,2021-01-23
1639,mmellmothhn,2020-12-22
2770,lburcombemt,2020-07-02
4833,jbattillqp,2020-08-04
4312,llhommee2z,2020-12-06
7129,dbashford9q,2020-09-11
1495,mdurnford9w,2020-06-24
7362,cfullbrookb5,2020-12-24
8260,sarnisonbt,2020-10-07
8116,ncohalanix,2020-09-10
5909,kdacksmk,2021-04-02
1152,ncristofaninii,2020-12-26
3969,wstallebrass3r,2020-12-17
6786,bmyerscough3t,2021-02-19
8150,pbeames4g,2020-06-09
1296,ylamond73,2020-12-13
1673,cchadband7u,2020-09-18
8438,myoullcu,2020-10-10
5244,wcrabbdk,2021-03-31
4723,cdineseb,2020-07-05
1152,cmckissackeu,2020-11-28
3880,oandrysiakid,2020-08-12
6553,showtonm1,2020-06-29
1762,tbothamsqn,2020-07-30
6498,amarquesep,2021-01-28
6642,itinsey3f,2021-03-28
9315,lnewbatt3m,2021-04-25
3914,tgirault4k,2020-05-22
9315,lhearon6a,2020-07-14
1563,gbeardsall72,2020-11-20
7574,spaulillo9m,2021-01-01
1330,searlesjx,2021-03-26
6642,iackeroydk6,2021-04-02
9459,jingredaps,2020-09-14
6032,lcuskeryqx,2020-11-14
5168,rtomasian8i,2021-05-02
9493,ogoodhall9t,2020-12-17
1508,pteddera9,2020-10-15
5312,kswordd8,2021-01-03
3715,nbrowseh3,2020-11-21
2351,egaymarj4,2020-05-18
7519,cpiffordlr,2020-11-29
8506,bspelmanm0,2020-12-27
1652,aferrollipi,2020-06-01
